id,slug,name_en,name_local,type,subtype,country,region,currency,domain,logo_clearbit,logo_brandfetch,logo_svgl,brand_color,swift_bic,notes
1,ICBC,Industrial and Commercial Bank of China,中国工商银行,bank,commercial_bank,China,East Asia,CNY,icbc.com.cn,https://logo.clearbit.com/icbc.com.cn,https://cdn.brandfetch.io/icbc.com.cn/w/200/h/200,,#C6000C,ICBKCNBJ,Big Four
2,ABC,Agricultural Bank of China,中国农业银行,bank,commercial_bank,China,East Asia,CNY,abchina.com,https://logo.clearbit.com/abchina.com,https://cdn.brandfetch.io/abchina.com/w/200/h/200,,#007B40,ABOCCNBJ,Big Four
3,BOC,Bank of China,中国银行,bank,commercial_bank,China,East Asia,CNY,boc.cn,https://logo.clearbit.com/boc.cn,https://cdn.brandfetch.io/boc.cn/w/200/h/200,,#C8161D,BKCHCNBJ,Big Four
4,CCB,China Construction Bank,中国建设银行,bank,commercial_bank,China,East Asia,CNY,ccb.com,https://logo.clearbit.com/ccb.com,https://cdn.brandfetch.io/ccb.com/w/200/h/200,,#005BAC,PCBCCNBJ,Big Four
5,BoCom,Bank of Communications,交通银行,bank,commercial_bank,China,East Asia,CNY,bankcomm.com,https://logo.clearbit.com/bankcomm.com,https://cdn.brandfetch.io/bankcomm.com/w/200/h/200,,#006DB7,COMMCNSH,Big Five
6,CMB,China Merchants Bank,招商银行,bank,commercial_bank,China,East Asia,CNY,cmbchina.com,https://logo.clearbit.com/cmbchina.com,https://cdn.brandfetch.io/cmbchina.com/w/200/h/200,,#C8161D,CMBCCNBS,National Joint-Stock
7,CITIC,China CITIC Bank,中信银行,bank,commercial_bank,China,East Asia,CNY,citicbank.com,https://logo.clearbit.com/citicbank.com,https://cdn.brandfetch.io/citicbank.com/w/200/h/200,,#D4000F,CIBKCNBJ,National Joint-Stock
8,SPDB,Shanghai Pudong Development Bank,上海浦发银行,bank,commercial_bank,China,East Asia,CNY,spdb.com.cn,https://logo.clearbit.com/spdb.com.cn,https://cdn.brandfetch.io/spdb.com.cn/w/200/h/200,,#003087,FDBSCNBH,National Joint-Stock
9,Minsheng,China Minsheng Bank,中国民生银行,bank,commercial_bank,China,East Asia,CNY,cmbc.com.cn,https://logo.clearbit.com/cmbc.com.cn,https://cdn.brandfetch.io/cmbc.com.cn/w/200/h/200,,#003E87,MSBCCNBJ,National Joint-Stock
10,PingAnBank,Ping An Bank,平安银行,bank,commercial_bank,China,East Asia,CNY,bank.pingan.com,https://logo.clearbit.com/bank.pingan.com,https://cdn.brandfetch.io/bank.pingan.com/w/200/h/200,,#F5820A,SZDBCNBS,National Joint-Stock
11,Everbright,China Everbright Bank,中国光大银行,bank,commercial_bank,China,East Asia,CNY,cebbank.com,https://logo.clearbit.com/cebbank.com,https://cdn.brandfetch.io/cebbank.com/w/200/h/200,,#C00C1A,EVERCNBJ,National Joint-Stock
12,CGB,Guangfa Bank,广发银行,bank,commercial_bank,China,East Asia,CNY,cgbchina.com.cn,https://logo.clearbit.com/cgbchina.com.cn,https://cdn.brandfetch.io/cgbchina.com.cn/w/200/h/200,,#EF3524,GDBACNBJ,National Joint-Stock
13,HXB,Hua Xia Bank,华夏银行,bank,commercial_bank,China,East Asia,CNY,hxb.com.cn,https://logo.clearbit.com/hxb.com.cn,https://cdn.brandfetch.io/hxb.com.cn/w/200/h/200,,#C8161D,HXBKCNBJ,National Joint-Stock
14,ZheshangBank,Zheshang Bank,浙商银行,bank,commercial_bank,China,East Asia,CNY,czbank.com,https://logo.clearbit.com/czbank.com,https://cdn.brandfetch.io/czbank.com/w/200/h/200,,#0052A5,ZBESCNB1,Regional
15,NingboBank,Ningbo Bank,宁波银行,bank,commercial_bank,China,East Asia,CNY,nbcb.cn,https://logo.clearbit.com/nbcb.cn,https://cdn.brandfetch.io/nbcb.cn/w/200/h/200,,#C20E1A,BKCBCN2N,Regional
16,NanjingBank,Nanjing Bank,南京银行,bank,commercial_bank,China,East Asia,CNY,njcb.com.cn,https://logo.clearbit.com/njcb.com.cn,https://cdn.brandfetch.io/njcb.com.cn/w/200/h/200,,#005BAC,NJCBCNB2,Regional
17,BeijingBank,Bank of Beijing,北京银行,bank,commercial_bank,China,East Asia,CNY,bankofbeijing.com.cn,https://logo.clearbit.com/bankofbeijing.com.cn,https://cdn.brandfetch.io/bankofbeijing.com.cn/w/200/h/200,,#CC0000,BKBKCNBJ,Regional
18,WeBank,WeBank,微众银行,bank,neobank,China,East Asia,CNY,webank.com,https://logo.clearbit.com/webank.com,https://cdn.brandfetch.io/webank.com/w/200/h/200,,#38A3FF,,Internet Bank; backed by Tencent
19,MyBank,MYbank,网商银行,bank,neobank,China,East Asia,CNY,mybank.cn,https://logo.clearbit.com/mybank.cn,https://cdn.brandfetch.io/mybank.cn/w/200/h/200,,#FF7100,,Internet Bank; backed by Ant Group
20,AiBank,AIBank,百信银行,bank,neobank,China,East Asia,CNY,aibank.com,https://logo.clearbit.com/aibank.com,https://cdn.brandfetch.io/aibank.com/w/200/h/200,,#1B6FBE,,Internet Bank; backed by Baidu
21,JPMorgan,JPMorgan Chase,JPMorgan Chase,bank,commercial_bank,United States,North America,USD,jpmorganchase.com,https://logo.clearbit.com/jpmorganchase.com,https://cdn.brandfetch.io/jpmorganchase.com/w/200/h/200,,#003087,CHASUS33,Largest US bank
22,BankOfAmerica,Bank of America,Bank of America,bank,commercial_bank,United States,North America,USD,bankofamerica.com,https://logo.clearbit.com/bankofamerica.com,https://cdn.brandfetch.io/bankofamerica.com/w/200/h/200,,#E31837,BOFAUS3N,
23,Citibank,Citibank,Citibank,bank,commercial_bank,United States,North America,USD,citi.com,https://logo.clearbit.com/citi.com,https://cdn.brandfetch.io/citi.com/w/200/h/200,,#003B8E,CITIUS33,
24,WellsFargo,Wells Fargo,Wells Fargo,bank,commercial_bank,United States,North America,USD,wellsfargo.com,https://logo.clearbit.com/wellsfargo.com,https://cdn.brandfetch.io/wellsfargo.com/w/200/h/200,,#CD1409,WFBIUS6S,
25,GoldmanSachs,Goldman Sachs,Goldman Sachs,bank,investment_bank,United States,North America,USD,goldmansachs.com,https://logo.clearbit.com/goldmansachs.com,https://cdn.brandfetch.io/goldmansachs.com/w/200/h/200,,#7399C6,GSCMUS33,
26,MorganStanley,Morgan Stanley,Morgan Stanley,bank,investment_bank,United States,North America,USD,morganstanley.com,https://logo.clearbit.com/morganstanley.com,https://cdn.brandfetch.io/morganstanley.com/w/200/h/200,,#003B8E,MSNYUS33,
27,CapitalOne,Capital One,Capital One,bank,commercial_bank,United States,North America,USD,capitalone.com,https://logo.clearbit.com/capitalone.com,https://cdn.brandfetch.io/capitalone.com/w/200/h/200,,#004977,HIBKUS44,
28,PNC,PNC Bank,PNC Bank,bank,commercial_bank,United States,North America,USD,pnc.com,https://logo.clearbit.com/pnc.com,https://cdn.brandfetch.io/pnc.com/w/200/h/200,,#F58025,PNCCUS33,
29,Truist,Truist Bank,Truist,bank,commercial_bank,United States,North America,USD,truist.com,https://logo.clearbit.com/truist.com,https://cdn.brandfetch.io/truist.com/w/200/h/200,,#5429B5,BRBTUS33,Merger of BB&T and SunTrust
30,USBank,U.S. Bank,U.S. Bancorp,bank,commercial_bank,United States,North America,USD,usbank.com,https://logo.clearbit.com/usbank.com,https://cdn.brandfetch.io/usbank.com/w/200/h/200,,#0063A5,USBKUS44,
31,TDBank,TD Bank,TD Bank,bank,commercial_bank,United States,North America,USD,tdbank.com,https://logo.clearbit.com/tdbank.com,https://cdn.brandfetch.io/tdbank.com/w/200/h/200,,#2B8739,TDOMCATTTOR,Canada-owned US subsidiary
32,CharlesSchwab,Charles Schwab Bank,Charles Schwab,bank,commercial_bank,United States,North America,USD,schwab.com,https://logo.clearbit.com/schwab.com,https://cdn.brandfetch.io/schwab.com/w/200/h/200,,#00A0DF,SCHBUS6S,
33,AllyBank,Ally Bank,Ally Financial,bank,neobank,United States,North America,USD,ally.com,https://logo.clearbit.com/ally.com,https://cdn.brandfetch.io/ally.com/w/200/h/200,,#FF007F,ALLBUS33,Online-only bank
34,Discover,Discover Bank,Discover Financial,bank,commercial_bank,United States,North America,USD,discover.com,https://logo.clearbit.com/discover.com,https://cdn.brandfetch.io/discover.com/w/200/h/200,,#F76300,DSCVUS33,
35,AmericanExpress,American Express,AmEx,bank,commercial_bank,United States,North America,USD,americanexpress.com,https://logo.clearbit.com/americanexpress.com,https://cdn.brandfetch.io/americanexpress.com/w/200/h/200,,#016FD0,AEIBUS33,
36,RegionsBank,Regions Bank,Regions Financial,bank,commercial_bank,United States,North America,USD,regions.com,https://logo.clearbit.com/regions.com,https://cdn.brandfetch.io/regions.com/w/200/h/200,,#00875A,UPNBUS44,
37,KeyBank,KeyBank,KeyCorp,bank,commercial_bank,United States,North America,USD,key.com,https://logo.clearbit.com/key.com,https://cdn.brandfetch.io/key.com/w/200/h/200,,#CC0000,KEYBUS44,
38,CitizensBank,Citizens Bank,Citizens Financial,bank,commercial_bank,United States,North America,USD,citizensbank.com,https://logo.clearbit.com/citizensbank.com,https://cdn.brandfetch.io/citizensbank.com/w/200/h/200,,#00A32E,CTZNUS33,
39,Huntington,Huntington Bank,Huntington Bancshares,bank,commercial_bank,United States,North America,USD,huntington.com,https://logo.clearbit.com/huntington.com,https://cdn.brandfetch.io/huntington.com/w/200/h/200,,#09A950,HUNTUS33,
40,FifthThird,Fifth Third Bank,Fifth Third Bancorp,bank,commercial_bank,United States,North America,USD,53.com,https://logo.clearbit.com/53.com,https://cdn.brandfetch.io/53.com/w/200/h/200,,#00A160,FTBCUS3C,
41,Chime,Chime,Chime Financial,bank,neobank,United States,North America,USD,chime.com,https://logo.clearbit.com/chime.com,https://cdn.brandfetch.io/chime.com/w/200/h/200,,#1EC677,,Neobank; FDIC via Bancorp Bank
42,SoFi,SoFi Bank,SoFi Technologies,bank,neobank,United States,North America,USD,sofi.com,https://logo.clearbit.com/sofi.com,https://cdn.brandfetch.io/sofi.com/w/200/h/200,,#7B2D8B,,Neobank
43,Synchrony,Synchrony Bank,Synchrony Financial,bank,commercial_bank,United States,North America,USD,synchronybank.com,https://logo.clearbit.com/synchronybank.com,https://cdn.brandfetch.io/synchronybank.com/w/200/h/200,,#004785,,
44,TIAA,TIAA Bank,TIAA,bank,commercial_bank,United States,North America,USD,tiaa.org,https://logo.clearbit.com/tiaa.org,https://cdn.brandfetch.io/tiaa.org/w/200/h/200,,#003865,,
45,SVB,Silicon Valley Bank,First Citizens (SVB),bank,commercial_bank,United States,North America,USD,svb.com,https://logo.clearbit.com/svb.com,https://cdn.brandfetch.io/svb.com/w/200/h/200,,#CC0000,SVBKUS6S,Acquired by First Citizens 2023
46,HSBC,HSBC,HSBC Holdings,bank,commercial_bank,United Kingdom,Western Europe,GBP,hsbc.com,https://logo.clearbit.com/hsbc.com,https://cdn.brandfetch.io/hsbc.com/w/200/h/200,,#DB0011,MIDLGB22,Global HQ in London
47,Barclays,Barclays,Barclays plc,bank,commercial_bank,United Kingdom,Western Europe,GBP,barclays.com,https://logo.clearbit.com/barclays.com,https://cdn.brandfetch.io/barclays.com/w/200/h/200,,#00AEEF,BARCGB22,
48,Lloyds,Lloyds Bank,Lloyds Banking Group,bank,commercial_bank,United Kingdom,Western Europe,GBP,lloydsbank.com,https://logo.clearbit.com/lloydsbank.com,https://cdn.brandfetch.io/lloydsbank.com/w/200/h/200,,#006A4E,LOYDGB2L,
49,NatWest,NatWest,NatWest Group,bank,commercial_bank,United Kingdom,Western Europe,GBP,natwest.com,https://logo.clearbit.com/natwest.com,https://cdn.brandfetch.io/natwest.com/w/200/h/200,,#42145F,NWBKGB2L,
50,StanChart,Standard Chartered,Standard Chartered plc,bank,commercial_bank,United Kingdom,Western Europe,GBP,sc.com,https://logo.clearbit.com/sc.com,https://cdn.brandfetch.io/sc.com/w/200/h/200,,#0072AA,SCBLGB2L,HQ London; major in Asia
51,SantanderUK,Santander UK,Santander UK plc,bank,commercial_bank,United Kingdom,Western Europe,GBP,santander.co.uk,https://logo.clearbit.com/santander.co.uk,https://cdn.brandfetch.io/santander.co.uk/w/200/h/200,,#EC0000,ABBYGB2L,
52,Halifax,Halifax,Lloyds Banking Group,bank,commercial_bank,United Kingdom,Western Europe,GBP,halifax.co.uk,https://logo.clearbit.com/halifax.co.uk,https://cdn.brandfetch.io/halifax.co.uk/w/200/h/200,,#005BAC,HLFXGB21,
53,Monzo,Monzo,Monzo Bank,bank,neobank,United Kingdom,Western Europe,GBP,monzo.com,https://logo.clearbit.com/monzo.com,https://cdn.brandfetch.io/monzo.com/w/200/h/200,,#FF3464,MONZGB2L,UK neobank unicorn
54,Starling,Starling Bank,Starling Bank,bank,neobank,United Kingdom,Western Europe,GBP,starlingbank.com,https://logo.clearbit.com/starlingbank.com,https://cdn.brandfetch.io/starlingbank.com/w/200/h/200,,#6935D3,,UK neobank
55,MetroBank,Metro Bank,Metro Bank,bank,commercial_bank,United Kingdom,Western Europe,GBP,metrobankonline.co.uk,https://logo.clearbit.com/metrobankonline.co.uk,https://cdn.brandfetch.io/metrobankonline.co.uk/w/200/h/200,,#CC0000,MYMBGB2L,
56,DeutscheBank,Deutsche Bank,Deutsche Bank AG,bank,commercial_bank,Germany,Western Europe,EUR,db.com,https://logo.clearbit.com/db.com,https://cdn.brandfetch.io/db.com/w/200/h/200,,#0018A8,DEUTDEDB,
57,Commerzbank,Commerzbank,Commerzbank AG,bank,commercial_bank,Germany,Western Europe,EUR,commerzbank.com,https://logo.clearbit.com/commerzbank.com,https://cdn.brandfetch.io/commerzbank.com/w/200/h/200,,#FFCC00,COBADEFF,
58,HVB,HypoVereinsbank,UniCredit Bank AG,bank,commercial_bank,Germany,Western Europe,EUR,hvb.de,https://logo.clearbit.com/hvb.de,https://cdn.brandfetch.io/hvb.de/w/200/h/200,,#E30613,HYVEDEMM,Owned by UniCredit
59,N26,N26,N26 GmbH,bank,neobank,Germany,Western Europe,EUR,n26.com,https://logo.clearbit.com/n26.com,https://cdn.brandfetch.io/n26.com/w/200/h/200,,#1A1A2E,NTSBDEB1,Pan-European neobank
60,DKB,DKB,Deutsche Kreditbank,bank,commercial_bank,Germany,Western Europe,EUR,dkb.de,https://logo.clearbit.com/dkb.de,https://cdn.brandfetch.io/dkb.de/w/200/h/200,,#005BAC,SSKMDEMMXXX,
61,Sparkasse,Sparkasse,Savings Banks Finance Group,bank,savings_bank,Germany,Western Europe,EUR,sparkasse.de,https://logo.clearbit.com/sparkasse.de,https://cdn.brandfetch.io/sparkasse.de/w/200/h/200,,#FF0000,,Germany's largest savings bank network
62,BNPParibas,BNP Paribas,BNP Paribas SA,bank,commercial_bank,France,Western Europe,EUR,bnpparibas.com,https://logo.clearbit.com/bnpparibas.com,https://cdn.brandfetch.io/bnpparibas.com/w/200/h/200,,#009440,BNPAFRPP,Largest French bank
63,CreditAgricole,Credit Agricole,Crédit Agricole,bank,cooperative_bank,France,Western Europe,EUR,credit-agricole.com,https://logo.clearbit.com/credit-agricole.com,https://cdn.brandfetch.io/credit-agricole.com/w/200/h/200,,#00855A,AGRIFRPP,
64,SocieteGenerale,Societe Generale,Société Générale,bank,commercial_bank,France,Western Europe,EUR,societegenerale.com,https://logo.clearbit.com/societegenerale.com,https://cdn.brandfetch.io/societegenerale.com/w/200/h/200,,#E60028,SOGEFRPP,
65,BPCE,Banque Populaire,BPCE,bank,cooperative_bank,France,Western Europe,EUR,bpce.fr,https://logo.clearbit.com/bpce.fr,https://cdn.brandfetch.io/bpce.fr/w/200/h/200,,#004D98,BPCEFRPP,
66,LaBanquePostale,La Banque Postale,La Banque Postale,bank,commercial_bank,France,Western Europe,EUR,labanquepostale.fr,https://logo.clearbit.com/labanquepostale.fr,https://cdn.brandfetch.io/labanquepostale.fr/w/200/h/200,,#FFCC00,PSSTFRPP,
67,UBS,UBS,UBS Group AG,bank,investment_bank,Switzerland,Western Europe,CHF,ubs.com,https://logo.clearbit.com/ubs.com,https://cdn.brandfetch.io/ubs.com/w/200/h/200,,#E30613,UBSWCHZH,Absorbed Credit Suisse 2023
68,JuliusBaer,Julius Baer,Julius Bär Group,bank,private_bank,Switzerland,Western Europe,CHF,juliusbaer.com,https://logo.clearbit.com/juliusbaer.com,https://cdn.brandfetch.io/juliusbaer.com/w/200/h/200,,#003865,BAERJHBH,
69,PostFinance,PostFinance,PostFinance AG,bank,commercial_bank,Switzerland,Western Europe,CHF,postfinance.ch,https://logo.clearbit.com/postfinance.ch,https://cdn.brandfetch.io/postfinance.ch/w/200/h/200,,#FFCC00,PFSWCH21,
70,ING,ING,ING Group,bank,commercial_bank,Netherlands,Western Europe,EUR,ing.com,https://logo.clearbit.com/ing.com,https://cdn.brandfetch.io/ing.com/w/200/h/200,,#FF6200,INGBNL2A,
71,ABNAMRO,ABN AMRO,ABN AMRO Bank,bank,commercial_bank,Netherlands,Western Europe,EUR,abnamro.com,https://logo.clearbit.com/abnamro.com,https://cdn.brandfetch.io/abnamro.com/w/200/h/200,,#009286,ABNANL2A,
72,Rabobank,Rabobank,Coöperatieve Rabobank,bank,cooperative_bank,Netherlands,Western Europe,EUR,rabobank.com,https://logo.clearbit.com/rabobank.com,https://cdn.brandfetch.io/rabobank.com/w/200/h/200,,#FF6200,RABONL2U,
73,Santander,Santander,Banco Santander SA,bank,commercial_bank,Spain,Western Europe,EUR,santander.com,https://logo.clearbit.com/santander.com,https://cdn.brandfetch.io/santander.com/w/200/h/200,,#EC0000,BSCHESMM,Largest Spanish bank
74,BBVA,BBVA,Banco Bilbao Vizcaya Argentaria,bank,commercial_bank,Spain,Western Europe,EUR,bbva.com,https://logo.clearbit.com/bbva.com,https://cdn.brandfetch.io/bbva.com/w/200/h/200,,#004B87,BBVAESMM,
75,CaixaBank,CaixaBank,CaixaBank SA,bank,commercial_bank,Spain,Western Europe,EUR,caixabank.com,https://logo.clearbit.com/caixabank.com,https://cdn.brandfetch.io/caixabank.com/w/200/h/200,,#007BC4,CAIXESBB,
76,UniCredit,UniCredit,UniCredit SpA,bank,commercial_bank,Italy,Western Europe,EUR,unicredit.eu,https://logo.clearbit.com/unicredit.eu,https://cdn.brandfetch.io/unicredit.eu/w/200/h/200,,#DD1D21,UNCRITMM,
77,IntesaSanpaolo,Intesa Sanpaolo,Intesa Sanpaolo SpA,bank,commercial_bank,Italy,Western Europe,EUR,intesasanpaolo.com,https://logo.clearbit.com/intesasanpaolo.com,https://cdn.brandfetch.io/intesasanpaolo.com/w/200/h/200,,#003F8A,BCITITIM,
78,Mediobanca,Mediobanca,Mediobanca SpA,bank,investment_bank,Italy,Western Europe,EUR,mediobanca.com,https://logo.clearbit.com/mediobanca.com,https://cdn.brandfetch.io/mediobanca.com/w/200/h/200,,#003087,MDIBITM1,
79,Nordea,Nordea,Nordea Bank Abp,bank,commercial_bank,Sweden,Western Europe,SEK,nordea.com,https://logo.clearbit.com/nordea.com,https://cdn.brandfetch.io/nordea.com/w/200/h/200,,#00005E,NDEAFIHHXXX,Nordic region's largest bank
80,SEB,SEB,Skandinaviska Enskilda Banken,bank,commercial_bank,Sweden,Western Europe,SEK,sebgroup.com,https://logo.clearbit.com/sebgroup.com,https://cdn.brandfetch.io/sebgroup.com/w/200/h/200,,#007AC2,ESSESESS,
81,Handelsbanken,Handelsbanken,Svenska Handelsbanken,bank,commercial_bank,Sweden,Western Europe,SEK,handelsbanken.com,https://logo.clearbit.com/handelsbanken.com,https://cdn.brandfetch.io/handelsbanken.com/w/200/h/200,,#1B3C6B,HANDSESS,
82,DNB,DNB,DNB ASA,bank,commercial_bank,Norway,Western Europe,NOK,dnb.no,https://logo.clearbit.com/dnb.no,https://cdn.brandfetch.io/dnb.no/w/200/h/200,,#007272,DNBANOKKXXX,Largest Norwegian bank
83,DanskeBank,Danske Bank,Danske Bank A/S,bank,commercial_bank,Denmark,Western Europe,DKK,danskebank.com,https://logo.clearbit.com/danskebank.com,https://cdn.brandfetch.io/danskebank.com/w/200/h/200,,#003755,DABADKKK,
84,RBC,Royal Bank of Canada,RBC,bank,commercial_bank,Canada,North America,CAD,rbc.com,https://logo.clearbit.com/rbc.com,https://cdn.brandfetch.io/rbc.com/w/200/h/200,,#003DA5,ROYCCAT2,
85,TD,TD Bank,Toronto-Dominion Bank,bank,commercial_bank,Canada,North America,CAD,td.com,https://logo.clearbit.com/td.com,https://cdn.brandfetch.io/td.com/w/200/h/200,,#34B233,TDOMCATTTOR,
86,Scotiabank,Scotiabank,Bank of Nova Scotia,bank,commercial_bank,Canada,North America,CAD,scotiabank.com,https://logo.clearbit.com/scotiabank.com,https://cdn.brandfetch.io/scotiabank.com/w/200/h/200,,#EC111A,NOSCCAT2,
87,BMO,BMO,Bank of Montreal,bank,commercial_bank,Canada,North America,CAD,bmo.com,https://logo.clearbit.com/bmo.com,https://cdn.brandfetch.io/bmo.com/w/200/h/200,,#0073CF,BOFMCAM2,
88,CIBC,CIBC,Canadian Imperial Bank of Commerce,bank,commercial_bank,Canada,North America,CAD,cibc.com,https://logo.clearbit.com/cibc.com,https://cdn.brandfetch.io/cibc.com/w/200/h/200,,#C41F3A,CIBCCATT,
89,CommBank,Commonwealth Bank,Commonwealth Bank of Australia,bank,commercial_bank,Australia,Oceania,AUD,commbank.com.au,https://logo.clearbit.com/commbank.com.au,https://cdn.brandfetch.io/commbank.com.au/w/200/h/200,,#FFD100,CTBAAU2S,
90,Westpac,Westpac,Westpac Banking Corp,bank,commercial_bank,Australia,Oceania,AUD,westpac.com.au,https://logo.clearbit.com/westpac.com.au,https://cdn.brandfetch.io/westpac.com.au/w/200/h/200,,#D5002B,WPACAU2S,
91,ANZ,ANZ,Australia and New Zealand Banking Group,bank,commercial_bank,Australia,Oceania,AUD,anz.com,https://logo.clearbit.com/anz.com,https://cdn.brandfetch.io/anz.com/w/200/h/200,,#007DBA,ANZBAU3M,
92,NAB,NAB,National Australia Bank,bank,commercial_bank,Australia,Oceania,AUD,nab.com.au,https://logo.clearbit.com/nab.com.au,https://cdn.brandfetch.io/nab.com.au/w/200/h/200,,#E21328,NATAAU3303M,
93,Macquarie,Macquarie Bank,Macquarie Group,bank,investment_bank,Australia,Oceania,AUD,macquarie.com,https://logo.clearbit.com/macquarie.com,https://cdn.brandfetch.io/macquarie.com/w/200/h/200,,#C9002B,MACQAU2S,
94,MUFG,MUFG Bank,Mitsubishi UFJ Financial Group,bank,commercial_bank,Japan,East Asia,JPY,mufg.jp,https://logo.clearbit.com/mufg.jp,https://cdn.brandfetch.io/mufg.jp/w/200/h/200,,#820000,BOTKJPJT,Largest Japanese bank
95,SMBC,SMBC,Sumitomo Mitsui Banking Corp,bank,commercial_bank,Japan,East Asia,JPY,smbc.co.jp,https://logo.clearbit.com/smbc.co.jp,https://cdn.brandfetch.io/smbc.co.jp/w/200/h/200,,#005BAC,SMBCJPJT,
96,Mizuho,Mizuho Bank,Mizuho Financial Group,bank,commercial_bank,Japan,East Asia,JPY,mizuho-fg.co.jp,https://logo.clearbit.com/mizuho-fg.co.jp,https://cdn.brandfetch.io/mizuho-fg.co.jp/w/200/h/200,,#003087,MHCBJPJT,
97,JapanPostBank,Japan Post Bank,ゆうちょ銀行,bank,savings_bank,Japan,East Asia,JPY,jp-bank.japanpost.jp,https://logo.clearbit.com/jp-bank.japanpost.jp,https://cdn.brandfetch.io/jp-bank.japanpost.jp/w/200/h/200,,#C00000,JPPYJPJT,Largest deposits in Japan
98,Resona,Resona Bank,りそな銀行,bank,commercial_bank,Japan,East Asia,JPY,resona-hd.co.jp,https://logo.clearbit.com/resona-hd.co.jp,https://cdn.brandfetch.io/resona-hd.co.jp/w/200/h/200,,#D5001B,DIWAJPJT,
99,RakutenBank,Rakuten Bank,楽天銀行,bank,neobank,Japan,East Asia,JPY,rakuten-bank.co.jp,https://logo.clearbit.com/rakuten-bank.co.jp,https://cdn.brandfetch.io/rakuten-bank.co.jp/w/200/h/200,,#BF0000,RAKTJPJT,Online bank
100,SBISumishin,SBI Sumishin Net Bank,SBI住信ネット銀行,bank,neobank,Japan,East Asia,JPY,netbk.co.jp,https://logo.clearbit.com/netbk.co.jp,https://cdn.brandfetch.io/netbk.co.jp/w/200/h/200,,#003DA5,,Online bank
101,SonyBank,Sony Bank,ソニー銀行,bank,neobank,Japan,East Asia,JPY,sonybank.net,https://logo.clearbit.com/sonybank.net,https://cdn.brandfetch.io/sonybank.net/w/200/h/200,,#000000,SONYJ,Online bank
102,AeonBank,AEON Bank,イオン銀行,bank,commercial_bank,Japan,East Asia,JPY,aeonbank.co.jp,https://logo.clearbit.com/aeonbank.co.jp,https://cdn.brandfetch.io/aeonbank.co.jp/w/200/h/200,,#E4002B,,Retail-linked bank
103,ShinseiBank,Shinsei Bank,新生銀行,bank,commercial_bank,Japan,East Asia,JPY,shinseibank.com,https://logo.clearbit.com/shinseibank.com,https://cdn.brandfetch.io/shinseibank.com/w/200/h/200,,#00A0AF,LITEDJPJ,
104,KBKookmin,KB Kookmin Bank,KB국민은행,bank,commercial_bank,South Korea,East Asia,KRW,kbfg.com,https://logo.clearbit.com/kbfg.com,https://cdn.brandfetch.io/kbfg.com/w/200/h/200,,#FFB500,CZNBKRSE,
105,ShinhanBank,Shinhan Bank,신한은행,bank,commercial_bank,South Korea,East Asia,KRW,shinhan.com,https://logo.clearbit.com/shinhan.com,https://cdn.brandfetch.io/shinhan.com/w/200/h/200,,#0046FF,SHBKKRSE,
106,HanaBank,Hana Bank,하나은행,bank,commercial_bank,South Korea,East Asia,KRW,hanabank.com,https://logo.clearbit.com/hanabank.com,https://cdn.brandfetch.io/hanabank.com/w/200/h/200,,#009900,KOEXKRSE,
107,WooriBank,Woori Bank,우리은행,bank,commercial_bank,South Korea,East Asia,KRW,wooribank.com,https://logo.clearbit.com/wooribank.com,https://cdn.brandfetch.io/wooribank.com/w/200/h/200,,#005BAC,HVBKKRSE,
108,NHBank,NH Nonghyup Bank,농협은행,bank,cooperative_bank,South Korea,East Asia,KRW,nonghyup.com,https://logo.clearbit.com/nonghyup.com,https://cdn.brandfetch.io/nonghyup.com/w/200/h/200,,#00843D,NACFKRSE,
109,IBK,IBK,기업은행,bank,commercial_bank,South Korea,East Asia,KRW,ibk.co.kr,https://logo.clearbit.com/ibk.co.kr,https://cdn.brandfetch.io/ibk.co.kr/w/200/h/200,,#003087,IBKOKRSE,
110,KakaoBank,KakaoBank,카카오뱅크,bank,neobank,South Korea,East Asia,KRW,kakaobank.com,https://logo.clearbit.com/kakaobank.com,https://cdn.brandfetch.io/kakaobank.com/w/200/h/200,,#FAE100,,Mobile-first neobank
111,KBank,K Bank,케이뱅크,bank,neobank,South Korea,East Asia,KRW,kbanknow.com,https://logo.clearbit.com/kbanknow.com,https://cdn.brandfetch.io/kbanknow.com/w/200/h/200,,#6C37E0,,Korea's first internet bank
112,SBI,State Bank of India,भारतीय स्टेट बैंक,bank,commercial_bank,India,South Asia,INR,sbi.co.in,https://logo.clearbit.com/sbi.co.in,https://cdn.brandfetch.io/sbi.co.in/w/200/h/200,,#2D5FA6,SBININBB,India's largest bank
113,HDFCBank,HDFC Bank,HDFC Bank,bank,commercial_bank,India,South Asia,INR,hdfcbank.com,https://logo.clearbit.com/hdfcbank.com,https://cdn.brandfetch.io/hdfcbank.com/w/200/h/200,,#004C8F,HDFCINBB,
114,ICICIBank,ICICI Bank,ICICI Bank,bank,commercial_bank,India,South Asia,INR,icicibank.com,https://logo.clearbit.com/icicibank.com,https://cdn.brandfetch.io/icicibank.com/w/200/h/200,,#F58220,ICICIN BB,
115,AxisBank,Axis Bank,Axis Bank,bank,commercial_bank,India,South Asia,INR,axisbank.com,https://logo.clearbit.com/axisbank.com,https://cdn.brandfetch.io/axisbank.com/w/200/h/200,,#800000,AXISINBB,
116,KotakBank,Kotak Mahindra Bank,Kotak Bank,bank,commercial_bank,India,South Asia,INR,kotak.com,https://logo.clearbit.com/kotak.com,https://cdn.brandfetch.io/kotak.com/w/200/h/200,,#ED1C24,KKBKINBB,
117,PNB,Punjab National Bank,पंजाब नेशनल बैंक,bank,commercial_bank,India,South Asia,INR,pnbindia.in,https://logo.clearbit.com/pnbindia.in,https://cdn.brandfetch.io/pnbindia.in/w/200/h/200,,#003087,PUNBINBB,
118,BankOfBaroda,Bank of Baroda,बैंक ऑफ बड़ौदा,bank,commercial_bank,India,South Asia,INR,bankofbaroda.in,https://logo.clearbit.com/bankofbaroda.in,https://cdn.brandfetch.io/bankofbaroda.in/w/200/h/200,,#F7941D,BARBINBB,
119,CanaraBank,Canara Bank,केनरा बैंक,bank,commercial_bank,India,South Asia,INR,canarabank.com,https://logo.clearbit.com/canarabank.com,https://cdn.brandfetch.io/canarabank.com/w/200/h/200,,#003DA5,CNRBINBB,
120,IndusIndBank,IndusInd Bank,IndusInd Bank,bank,commercial_bank,India,South Asia,INR,indusind.com,https://logo.clearbit.com/indusind.com,https://cdn.brandfetch.io/indusind.com/w/200/h/200,,#EE1C25,INDBINBB,
121,YESBank,YES Bank,YES Bank,bank,commercial_bank,India,South Asia,INR,yesbank.in,https://logo.clearbit.com/yesbank.in,https://cdn.brandfetch.io/yesbank.in/w/200/h/200,,#00407A,YESBINBB,
122,IDFCFirst,IDFC First Bank,IDFC FIRST Bank,bank,commercial_bank,India,South Asia,INR,idfcfirstbank.com,https://logo.clearbit.com/idfcfirstbank.com,https://cdn.brandfetch.io/idfcfirstbank.com/w/200/h/200,,#97144D,IDFBINBB,
123,Jupiter,Jupiter Money,Jupiter,bank,neobank,India,South Asia,INR,jupiter.money,https://logo.clearbit.com/jupiter.money,https://cdn.brandfetch.io/jupiter.money/w/200/h/200,,#5A31F4,,Indian neobank
124,DBS,DBS Bank,DBS Bank,bank,commercial_bank,Singapore,Southeast Asia,SGD,dbs.com,https://logo.clearbit.com/dbs.com,https://cdn.brandfetch.io/dbs.com/w/200/h/200,,#DD0000,DBSSSGSG,Singapore's largest bank
125,OCBC,OCBC Bank,OCBC Bank,bank,commercial_bank,Singapore,Southeast Asia,SGD,ocbc.com,https://logo.clearbit.com/ocbc.com,https://cdn.brandfetch.io/ocbc.com/w/200/h/200,,#FF0000,OCBCSGSG,
126,UOB,UOB,United Overseas Bank,bank,commercial_bank,Singapore,Southeast Asia,SGD,uobgroup.com,https://logo.clearbit.com/uobgroup.com,https://cdn.brandfetch.io/uobgroup.com/w/200/h/200,,#005BAC,UOVBSGSG,
127,Maybank,Maybank,Malayan Banking Berhad,bank,commercial_bank,Malaysia,Southeast Asia,MYR,maybank.com,https://logo.clearbit.com/maybank.com,https://cdn.brandfetch.io/maybank.com/w/200/h/200,,#FFD100,MBBEMYKL,Largest Malaysian bank
128,CIMB,CIMB Bank,CIMB Group,bank,commercial_bank,Malaysia,Southeast Asia,MYR,cimb.com,https://logo.clearbit.com/cimb.com,https://cdn.brandfetch.io/cimb.com/w/200/h/200,,#C5192D,CIBBMYKL,
129,PublicBank,Public Bank,Public Bank Berhad,bank,commercial_bank,Malaysia,Southeast Asia,MYR,publicbankgroup.com,https://logo.clearbit.com/publicbankgroup.com,https://cdn.brandfetch.io/publicbankgroup.com/w/200/h/200,,#005BAC,PBBEMYKL,
130,RHB,RHB Bank,RHB Banking Group,bank,commercial_bank,Malaysia,Southeast Asia,MYR,rhbgroup.com,https://logo.clearbit.com/rhbgroup.com,https://cdn.brandfetch.io/rhbgroup.com/w/200/h/200,,#004A97,RHBBMYKL,
131,HongLeong,Hong Leong Bank,Hong Leong Bank Berhad,bank,commercial_bank,Malaysia,Southeast Asia,MYR,hlb.com.my,https://logo.clearbit.com/hlb.com.my,https://cdn.brandfetch.io/hlb.com.my/w/200/h/200,,#0072BC,HLBBMYKL,
132,AmBank,AmBank,AmBank Group,bank,commercial_bank,Malaysia,Southeast Asia,MYR,ambankgroup.com,https://logo.clearbit.com/ambankgroup.com,https://cdn.brandfetch.io/ambankgroup.com/w/200/h/200,,#E21328,ARBKMYKL,
133,AffinBank,Affin Bank,Affin Bank Berhad,bank,commercial_bank,Malaysia,Southeast Asia,MYR,affin.com.my,https://logo.clearbit.com/affin.com.my,https://cdn.brandfetch.io/affin.com.my/w/200/h/200,,#E0251B,PHBMMYKL,
134,AllianceBank,Alliance Bank,Alliance Bank Malaysia,bank,commercial_bank,Malaysia,Southeast Asia,MYR,alliancebank.com.my,https://logo.clearbit.com/alliancebank.com.my,https://cdn.brandfetch.io/alliancebank.com.my/w/200/h/200,,#0060AF,MFBBMYKL,
135,HangSeng,Hang Seng Bank,恒生銀行,bank,commercial_bank,Hong Kong,East Asia,HKD,hangseng.com,https://logo.clearbit.com/hangseng.com,https://cdn.brandfetch.io/hangseng.com/w/200/h/200,,#009A44,HASEHKHH,HSBC subsidiary
136,BOCHK,Bank of China HK,中國銀行（香港）,bank,commercial_bank,Hong Kong,East Asia,HKD,bochk.com,https://logo.clearbit.com/bochk.com,https://cdn.brandfetch.io/bochk.com/w/200/h/200,,#C8161D,BKCHHKHH,
137,BankEastAsia,Bank of East Asia,東亞銀行,bank,commercial_bank,Hong Kong,East Asia,HKD,hkbea.com,https://logo.clearbit.com/hkbea.com,https://cdn.brandfetch.io/hkbea.com/w/200/h/200,,#3A6B35,BEASHKHH,
138,DahSing,Dah Sing Bank,大新銀行,bank,commercial_bank,Hong Kong,East Asia,HKD,dahsing.com,https://logo.clearbit.com/dahsing.com,https://cdn.brandfetch.io/dahsing.com/w/200/h/200,,#CD1409,DSBAHKHH,
139,Mox,Mox Bank,Mox Bank,bank,neobank,Hong Kong,East Asia,HKD,mox.com,https://logo.clearbit.com/mox.com,https://cdn.brandfetch.io/mox.com/w/200/h/200,,#CC0000,,Virtual bank by Standard Chartered
140,CathayUnitedBank,Cathay United Bank,國泰世華銀行,bank,commercial_bank,Taiwan,East Asia,TWD,cathaybk.com.tw,https://logo.clearbit.com/cathaybk.com.tw,https://cdn.brandfetch.io/cathaybk.com.tw/w/200/h/200,,#006B3F,CATBTWTX,
141,TaipeiFubon,Taipei Fubon Bank,台北富邦銀行,bank,commercial_bank,Taiwan,East Asia,TWD,fubon.com,https://logo.clearbit.com/fubon.com,https://cdn.brandfetch.io/fubon.com/w/200/h/200,,#E60028,FUBBTWTX,
142,CTBC,CTBC Bank,中國信託商業銀行,bank,commercial_bank,Taiwan,East Asia,TWD,ctbc.com,https://logo.clearbit.com/ctbc.com,https://cdn.brandfetch.io/ctbc.com/w/200/h/200,,#003DA5,CTCBTWTP,
143,ESunBank,E.SUN Bank,玉山銀行,bank,commercial_bank,Taiwan,East Asia,TWD,esunbank.com.tw,https://logo.clearbit.com/esunbank.com.tw,https://cdn.brandfetch.io/esunbank.com.tw/w/200/h/200,,#005BAC,ESUNTWTX,
144,MegaBank,Mega Bank,兆豐國際商業銀行,bank,commercial_bank,Taiwan,East Asia,TWD,megabank.com.tw,https://logo.clearbit.com/megabank.com.tw,https://cdn.brandfetch.io/megabank.com.tw/w/200/h/200,,#00843D,ICBCTWTP,
145,BangkokBank,Bangkok Bank,ธนาคารกรุงเทพ,bank,commercial_bank,Thailand,Southeast Asia,THB,bangkokbank.com,https://logo.clearbit.com/bangkokbank.com,https://cdn.brandfetch.io/bangkokbank.com/w/200/h/200,,#003087,BKKBTHBK,Thailand's largest bank
146,KasikornBank,Kasikorn Bank,ธนาคารกสิกรไทย,bank,commercial_bank,Thailand,Southeast Asia,THB,kasikornbank.com,https://logo.clearbit.com/kasikornbank.com,https://cdn.brandfetch.io/kasikornbank.com/w/200/h/200,,#00843D,KASITHBK,
147,SCBThailand,Siam Commercial Bank,ธนาคารไทยพาณิชย์,bank,commercial_bank,Thailand,Southeast Asia,THB,scb.co.th,https://logo.clearbit.com/scb.co.th,https://cdn.brandfetch.io/scb.co.th/w/200/h/200,,#4E2682,SICOTHBK,
148,KrungthaiBank,Krungthai Bank,ธนาคารกรุงไทย,bank,commercial_bank,Thailand,Southeast Asia,THB,ktb.co.th,https://logo.clearbit.com/ktb.co.th,https://cdn.brandfetch.io/ktb.co.th/w/200/h/200,,#1BB7E4,KRTHTHBK,
149,TMBThanachart,TTB Bank,ธนาคารทหารไทยธนชาต,bank,commercial_bank,Thailand,Southeast Asia,THB,ttbbank.com,https://logo.clearbit.com/ttbbank.com,https://cdn.brandfetch.io/ttbbank.com/w/200/h/200,,#F27022,TMBKTHBK,Merger of TMB and Thanachart
150,BankMandiri,Bank Mandiri,Bank Mandiri,bank,commercial_bank,Indonesia,Southeast Asia,IDR,bankmandiri.co.id,https://logo.clearbit.com/bankmandiri.co.id,https://cdn.brandfetch.io/bankmandiri.co.id/w/200/h/200,,#003087,BMRIIDJA,Indonesia's largest bank
151,BCA,BCA,Bank Central Asia,bank,commercial_bank,Indonesia,Southeast Asia,IDR,bca.co.id,https://logo.clearbit.com/bca.co.id,https://cdn.brandfetch.io/bca.co.id/w/200/h/200,,#005BAC,CENAIDJA,
152,BNI,BNI,Bank Negara Indonesia,bank,commercial_bank,Indonesia,Southeast Asia,IDR,bni.co.id,https://logo.clearbit.com/bni.co.id,https://cdn.brandfetch.io/bni.co.id/w/200/h/200,,#FF7900,BNINIDJA,
153,BRI,BRI,Bank Rakyat Indonesia,bank,commercial_bank,Indonesia,Southeast Asia,IDR,bri.co.id,https://logo.clearbit.com/bri.co.id,https://cdn.brandfetch.io/bri.co.id/w/200/h/200,,#003DA5,BRINIDJA,
154,Danamon,Bank Danamon,Bank Danamon,bank,commercial_bank,Indonesia,Southeast Asia,IDR,danamon.co.id,https://logo.clearbit.com/danamon.co.id,https://cdn.brandfetch.io/danamon.co.id/w/200/h/200,,#E21328,BDMNIDJA,
155,Vietcombank,Vietcombank,Ngân hàng Vietcombank,bank,commercial_bank,Vietnam,Southeast Asia,VND,vietcombank.com.vn,https://logo.clearbit.com/vietcombank.com.vn,https://cdn.brandfetch.io/vietcombank.com.vn/w/200/h/200,,#007A3D,BFTVVNVX,
156,VietinBank,VietinBank,Ngân hàng VietinBank,bank,commercial_bank,Vietnam,Southeast Asia,VND,vietinbank.vn,https://logo.clearbit.com/vietinbank.vn,https://cdn.brandfetch.io/vietinbank.vn/w/200/h/200,,#E8003D,ICBVVNVX,
157,BIDV,BIDV,Ngân hàng BIDV,bank,commercial_bank,Vietnam,Southeast Asia,VND,bidv.com.vn,https://logo.clearbit.com/bidv.com.vn,https://cdn.brandfetch.io/bidv.com.vn/w/200/h/200,,#0066B2,BIDVVNVX,
158,BDO,BDO Unibank,BDO Unibank,bank,commercial_bank,Philippines,Southeast Asia,PHP,bdo.com.ph,https://logo.clearbit.com/bdo.com.ph,https://cdn.brandfetch.io/bdo.com.ph/w/200/h/200,,#003DA5,BNORPHMM,Largest Philippine bank
159,Metrobank,Metrobank,Metropolitan Bank & Trust,bank,commercial_bank,Philippines,Southeast Asia,PHP,metrobank.com.ph,https://logo.clearbit.com/metrobank.com.ph,https://cdn.brandfetch.io/metrobank.com.ph/w/200/h/200,,#0060A9,MBTCPHMM,
160,BPI,BPI,Bank of the Philippine Islands,bank,commercial_bank,Philippines,Southeast Asia,PHP,bpi.com.ph,https://logo.clearbit.com/bpi.com.ph,https://cdn.brandfetch.io/bpi.com.ph/w/200/h/200,,#CC0000,BOPIPHMM,
161,EmiratesNBD,Emirates NBD,Emirates NBD,bank,commercial_bank,United Arab Emirates,Middle East,AED,emiratesnbd.com,https://logo.clearbit.com/emiratesnbd.com,https://cdn.brandfetch.io/emiratesnbd.com/w/200/h/200,,#C8A951,EBILAEAD,UAE's largest bank
162,FAB,First Abu Dhabi Bank,First Abu Dhabi Bank,bank,commercial_bank,United Arab Emirates,Middle East,AED,bankfab.com,https://logo.clearbit.com/bankfab.com,https://cdn.brandfetch.io/bankfab.com/w/200/h/200,,#B8952A,NBADAEAA,
163,ADCB,Abu Dhabi Commercial Bank,ADCB,bank,commercial_bank,United Arab Emirates,Middle East,AED,adcb.com,https://logo.clearbit.com/adcb.com,https://cdn.brandfetch.io/adcb.com/w/200/h/200,,#A5192D,ADCBAEAA,
164,DIB,Dubai Islamic Bank,Dubai Islamic Bank,bank,commercial_bank,United Arab Emirates,Middle East,AED,dib.ae,https://logo.clearbit.com/dib.ae,https://cdn.brandfetch.io/dib.ae/w/200/h/200,,#006837,DUIBAEAD,World's largest Islamic bank
165,Mashreq,Mashreq Bank,Mashreq,bank,commercial_bank,United Arab Emirates,Middle East,AED,mashreqbank.com,https://logo.clearbit.com/mashreqbank.com,https://cdn.brandfetch.io/mashreqbank.com/w/200/h/200,,#E31837,BOMLAEAD,
166,AlRajhi,Al Rajhi Bank,مصرف الراجحي,bank,commercial_bank,Saudi Arabia,Middle East,SAR,alrajhibank.com.sa,https://logo.clearbit.com/alrajhibank.com.sa,https://cdn.brandfetch.io/alrajhibank.com.sa/w/200/h/200,,#006A38,RJHISARI,World's largest Islamic bank by assets
167,SNB,Saudi National Bank,البنك الأهلي السعودي,bank,commercial_bank,Saudi Arabia,Middle East,SAR,snb.com.sa,https://logo.clearbit.com/snb.com.sa,https://cdn.brandfetch.io/snb.com.sa/w/200/h/200,,#006A38,NCBKSAJE,
168,RiyadBank,Riyad Bank,بنك الرياض,bank,commercial_bank,Saudi Arabia,Middle East,SAR,riyadbank.com,https://logo.clearbit.com/riyadbank.com,https://cdn.brandfetch.io/riyadbank.com/w/200/h/200,,#006A38,RIBLSARI,
169,StandardBankSA,Standard Bank,Standard Bank Group,bank,commercial_bank,South Africa,Africa,ZAR,standardbank.co.za,https://logo.clearbit.com/standardbank.co.za,https://cdn.brandfetch.io/standardbank.co.za/w/200/h/200,,#003DA5,SBZAZAJJ,Africa's largest bank by assets
170,FNB,FNB,FirstRand Bank,bank,commercial_bank,South Africa,Africa,ZAR,fnb.co.za,https://logo.clearbit.com/fnb.co.za,https://cdn.brandfetch.io/fnb.co.za/w/200/h/200,,#1A9648,FIRNZAJJ,
171,ABSA,Absa,Absa Group,bank,commercial_bank,South Africa,Africa,ZAR,absa.co.za,https://logo.clearbit.com/absa.co.za,https://cdn.brandfetch.io/absa.co.za/w/200/h/200,,#CE0028,ABSAZAJJ,
172,EquityBank,Equity Bank,Equity Group Holdings,bank,commercial_bank,Kenya,Africa,KES,equitybankgroup.com,https://logo.clearbit.com/equitybankgroup.com,https://cdn.brandfetch.io/equitybankgroup.com/w/200/h/200,,#CC0000,EQBLKENA,
173,KCB,KCB Bank,Kenya Commercial Bank,bank,commercial_bank,Kenya,Africa,KES,kcbgroup.com,https://logo.clearbit.com/kcbgroup.com,https://cdn.brandfetch.io/kcbgroup.com/w/200/h/200,,#006A38,KCBLKENX,
174,Itau,Itaú Unibanco,Itaú Unibanco,bank,commercial_bank,Brazil,Latin America,BRL,itau.com.br,https://logo.clearbit.com/itau.com.br,https://cdn.brandfetch.io/itau.com.br/w/200/h/200,,#F7941D,ITAUBRSP,Brazil's largest private bank
175,Bradesco,Bradesco,Banco Bradesco,bank,commercial_bank,Brazil,Latin America,BRL,bradesco.com.br,https://logo.clearbit.com/bradesco.com.br,https://cdn.brandfetch.io/bradesco.com.br/w/200/h/200,,#CC0000,BBDEBRSP,
176,BancoDoBrasil,Banco do Brasil,Banco do Brasil,bank,commercial_bank,Brazil,Latin America,BRL,bb.com.br,https://logo.clearbit.com/bb.com.br,https://cdn.brandfetch.io/bb.com.br/w/200/h/200,,#003DA5,BRASBRRJBHE,
177,Nubank,Nubank,Nu Holdings,bank,neobank,Brazil,Latin America,BRL,nu.com.br,https://logo.clearbit.com/nu.com.br,https://cdn.brandfetch.io/nu.com.br/w/200/h/200,,#820AD1,,Latin America's largest neobank
178,SantanderBrasil,Santander Brasil,Banco Santander Brasil,bank,commercial_bank,Brazil,Latin America,BRL,santander.com.br,https://logo.clearbit.com/santander.com.br,https://cdn.brandfetch.io/santander.com.br/w/200/h/200,,#EC0000,BSCHBRSP,
179,BBVA,BBVA México,BBVA México,bank,commercial_bank,Mexico,Latin America,MXN,bbva.mx,https://logo.clearbit.com/bbva.mx,https://cdn.brandfetch.io/bbva.mx/w/200/h/200,,#004B87,BCMRMXMM,Mexico's largest bank
180,Banorte,Banorte,Grupo Financiero Banorte,bank,commercial_bank,Mexico,Latin America,MXN,banorte.com,https://logo.clearbit.com/banorte.com,https://cdn.brandfetch.io/banorte.com/w/200/h/200,,#0060AF,GFNOMXMM,
181,BancoGalicia,Banco Galicia,Banco de Galicia y Buenos Aires,bank,commercial_bank,Argentina,Latin America,ARS,bancogalicia.com.ar,https://logo.clearbit.com/bancogalicia.com.ar,https://cdn.brandfetch.io/bancogalicia.com.ar/w/200/h/200,,#005BAC,BGLCARBAXXX,
182,PKOBank,PKO Bank Polski,PKO Bank Polski,bank,commercial_bank,Poland,Eastern Europe,PLN,pkobp.pl,https://logo.clearbit.com/pkobp.pl,https://cdn.brandfetch.io/pkobp.pl/w/200/h/200,,#FF7900,BPKOPLPW,Poland's largest bank
183,mBank,mBank,mBank SA,bank,neobank,Poland,Eastern Europe,PLN,mbank.pl,https://logo.clearbit.com/mbank.pl,https://cdn.brandfetch.io/mbank.pl/w/200/h/200,,#E2001A,BREXPLPW,
184,Sberbank,Sberbank,Sberbank,bank,commercial_bank,Russia,Eastern Europe,RUB,sberbank.ru,https://logo.clearbit.com/sberbank.ru,https://cdn.brandfetch.io/sberbank.ru/w/200/h/200,,#1E9648,SABRRUMM,Russia's largest bank
185,VTB,VTB Bank,VTB Bank,bank,commercial_bank,Russia,Eastern Europe,RUB,vtb.ru,https://logo.clearbit.com/vtb.ru,https://cdn.brandfetch.io/vtb.ru/w/200/h/200,,#003DA5,VTBRRUMM,
186,Tinkoff,T-Bank (Tinkoff),Т-Банк,bank,neobank,Russia,Eastern Europe,RUB,tinkoff.ru,https://logo.clearbit.com/tinkoff.ru,https://cdn.brandfetch.io/tinkoff.ru/w/200/h/200,,#FFD600,TICSRUMM,Russia's leading neobank
187,ANZNZ,ANZ New Zealand,ANZ Bank New Zealand,bank,commercial_bank,New Zealand,Oceania,NZD,anz.co.nz,https://logo.clearbit.com/anz.co.nz,https://cdn.brandfetch.io/anz.co.nz/w/200/h/200,,#007DBA,ANZBNZ22,
188,ASB,ASB Bank,ASB Bank,bank,commercial_bank,New Zealand,Oceania,NZD,asb.co.nz,https://logo.clearbit.com/asb.co.nz,https://cdn.brandfetch.io/asb.co.nz/w/200/h/200,,#CC0000,ASBBNZ2A,
189,IsBankasi,İş Bankası,Türkiye İş Bankası,bank,commercial_bank,Turkey,Western Europe,TRY,isbank.com.tr,https://logo.clearbit.com/isbank.com.tr,https://cdn.brandfetch.io/isbank.com.tr/w/200/h/200,,#00843D,ISBKTRIS,Turkey's largest private bank
190,GarantiBBVA,Garanti BBVA,Garanti BBVA,bank,commercial_bank,Turkey,Western Europe,TRY,garantibbva.com.tr,https://logo.clearbit.com/garantibbva.com.tr,https://cdn.brandfetch.io/garantibbva.com.tr/w/200/h/200,,#006272,TGBATRIS,
191,Akbank,Akbank,Akbank T.A.Ş.,bank,commercial_bank,Turkey,Western Europe,TRY,akbank.com,https://logo.clearbit.com/akbank.com,https://cdn.brandfetch.io/akbank.com/w/200/h/200,,#CC0000,AKBKTRIS,
192,KBC,KBC Bank,KBC Group,bank,commercial_bank,Belgium,Western Europe,EUR,kbc.be,https://logo.clearbit.com/kbc.be,https://cdn.brandfetch.io/kbc.be/w/200/h/200,,#009640,KREDBEBB,
193,BNPParibasFortis,BNP Paribas Fortis,BNP Paribas Fortis,bank,commercial_bank,Belgium,Western Europe,EUR,bnpparibasfortis.be,https://logo.clearbit.com/bnpparibasfortis.be,https://cdn.brandfetch.io/bnpparibasfortis.be/w/200/h/200,,#009440,GEBABEBB,
194,Alipay,Alipay,支付宝,wallet,mobile_payment,China,East Asia,CNY,alipay.com,https://logo.clearbit.com/alipay.com,https://cdn.brandfetch.io/alipay.com/w/200/h/200,,#1677FF,,Ant Group; 1B+ users
195,WeChatPay,WeChat Pay,微信支付,wallet,mobile_payment,China,East Asia,CNY,pay.weixin.qq.com,https://logo.clearbit.com/pay.weixin.qq.com,https://cdn.brandfetch.io/pay.weixin.qq.com/w/200/h/200,,#07C160,,Tencent; 900M+ users
196,UnionPayQuickPass,UnionPay QuickPass,银联云闪付,wallet,mobile_payment,China,East Asia,CNY,unionpayintl.com,https://logo.clearbit.com/unionpayintl.com,https://cdn.brandfetch.io/unionpayintl.com/w/200/h/200,,#E21328,,China UnionPay NFC & QR
197,JDPay,JD Pay,京东支付,wallet,mobile_payment,China,East Asia,CNY,jd.com,https://logo.clearbit.com/jd.com,https://cdn.brandfetch.io/jd.com/w/200/h/200,,#E1251B,,JD.com payment arm
198,MiPay,Mi Pay,小米支付,wallet,mobile_payment,China,East Asia,CNY,mi.com,https://logo.clearbit.com/mi.com,https://cdn.brandfetch.io/mi.com/w/200/h/200,,#FF6900,,Xiaomi's payment service
199,PayPal,PayPal,PayPal,wallet,p2p_payment,United States,North America,USD,paypal.com,https://logo.clearbit.com/paypal.com,https://cdn.brandfetch.io/paypal.com/w/200/h/200,https://svgl.app/library/paypal.svg,#003087,,Global leader; 400M users
200,Venmo,Venmo,Venmo,wallet,p2p_payment,United States,North America,USD,venmo.com,https://logo.clearbit.com/venmo.com,https://cdn.brandfetch.io/venmo.com/w/200/h/200,,#008CFF,,PayPal subsidiary; popular with millennials
201,CashApp,Cash App,Cash App,wallet,p2p_payment,United States,North America,USD,cash.app,https://logo.clearbit.com/cash.app,https://cdn.brandfetch.io/cash.app/w/200/h/200,,#00D64F,,Block Inc.
202,Stripe,Stripe,Stripe,wallet,payment_gateway,United States,North America,USD,stripe.com,https://logo.clearbit.com/stripe.com,https://cdn.brandfetch.io/stripe.com/w/200/h/200,https://svgl.app/library/stripe.svg,#635BFF,,Developer-first payments
203,ApplePay,Apple Pay,Apple Pay,wallet,mobile_payment,United States,North America,USD,apple.com,https://logo.clearbit.com/apple.com,https://cdn.brandfetch.io/apple.com/w/200/h/200,,#000000,,NFC-based; 500M+ users
204,GooglePay,Google Pay,Google Pay,wallet,mobile_payment,United States,North America,USD,pay.google.com,https://logo.clearbit.com/pay.google.com,https://cdn.brandfetch.io/pay.google.com/w/200/h/200,,#4285F4,,
205,AmazonPay,Amazon Pay,Amazon Pay,wallet,payment_gateway,United States,North America,USD,pay.amazon.com,https://logo.clearbit.com/pay.amazon.com,https://cdn.brandfetch.io/pay.amazon.com/w/200/h/200,,#FF9900,,
206,Zelle,Zelle,Zelle,wallet,p2p_payment,United States,North America,USD,zellepay.com,https://logo.clearbit.com/zellepay.com,https://cdn.brandfetch.io/zellepay.com/w/200/h/200,,#6D1ED4,,Bank-backed P2P network
207,Square,Square,Block Inc.,wallet,payment_gateway,United States,North America,USD,squareup.com,https://logo.clearbit.com/squareup.com,https://cdn.brandfetch.io/squareup.com/w/200/h/200,,#3E4348,,Point-of-sale & payments
208,Klarna,Klarna,Klarna Bank AB,wallet,bnpl,United States,North America,USD,klarna.com,https://logo.clearbit.com/klarna.com,https://cdn.brandfetch.io/klarna.com/w/200/h/200,https://svgl.app/library/klarna.svg,#FFB3C7,,Swedish BNPL global
209,Afterpay,Afterpay,Afterpay,wallet,bnpl,United States,North America,USD,afterpay.com,https://logo.clearbit.com/afterpay.com,https://cdn.brandfetch.io/afterpay.com/w/200/h/200,,#B2FCE4,,Block Inc.; BNPL
210,Affirm,Affirm,Affirm Holdings,wallet,bnpl,United States,North America,USD,affirm.com,https://logo.clearbit.com/affirm.com,https://cdn.brandfetch.io/affirm.com/w/200/h/200,,#0FA0EA,,BNPL leader
211,Payoneer,Payoneer,Payoneer Global,wallet,payment_gateway,United States,North America,USD,payoneer.com,https://logo.clearbit.com/payoneer.com,https://cdn.brandfetch.io/payoneer.com/w/200/h/200,,#FF4800,,Cross-border B2B payments
212,Revolut,Revolut,Revolut Ltd,wallet,neobank,United Kingdom,Western Europe,GBP,revolut.com,https://logo.clearbit.com/revolut.com,https://cdn.brandfetch.io/revolut.com/w/200/h/200,https://svgl.app/library/revolut.svg,#191C1F,,Super-app; 40M+ users
213,Wise,Wise,Wise plc,wallet,p2p_payment,United Kingdom,Western Europe,GBP,wise.com,https://logo.clearbit.com/wise.com,https://cdn.brandfetch.io/wise.com/w/200/h/200,https://svgl.app/library/wise.svg,#9FE870,,International transfers
214,Skrill,Skrill,Skrill Ltd,wallet,p2p_payment,United Kingdom,Western Europe,GBP,skrill.com,https://logo.clearbit.com/skrill.com,https://cdn.brandfetch.io/skrill.com/w/200/h/200,,#862165,,Paysafe subsidiary
215,Neteller,Neteller,Neteller,wallet,p2p_payment,United Kingdom,Western Europe,GBP,neteller.com,https://logo.clearbit.com/neteller.com,https://cdn.brandfetch.io/neteller.com/w/200/h/200,,#013D6D,,Paysafe subsidiary
216,Paysafecard,Paysafecard,Paysafe Group,wallet,prepaid,United Kingdom,Western Europe,GBP,paysafecard.com,https://logo.clearbit.com/paysafecard.com,https://cdn.brandfetch.io/paysafecard.com/w/200/h/200,,#2272B5,,Prepaid voucher payments
217,iDEAL,iDEAL,Currence iDEAL B.V.,wallet,bank_transfer,Netherlands,Western Europe,EUR,ideal.nl,https://logo.clearbit.com/ideal.nl,https://cdn.brandfetch.io/ideal.nl/w/200/h/200,,#CC0066,,Dutch online banking standard
218,Bancontact,Bancontact,Bancontact Payconiq Company,wallet,bank_transfer,Belgium,Western Europe,EUR,bancontact.com,https://logo.clearbit.com/bancontact.com,https://cdn.brandfetch.io/bancontact.com/w/200/h/200,,#005499,,Belgian payment standard
219,Sofort,SOFORT,Klarna Bank (Sofort),wallet,bank_transfer,Germany,Western Europe,EUR,sofort.com,https://logo.clearbit.com/sofort.com,https://cdn.brandfetch.io/sofort.com/w/200/h/200,,#EF809F,,German bank transfer; acquired by Klarna
220,Sezzle,Sezzle,Sezzle Inc.,wallet,bnpl,United States,North America,USD,sezzle.com,https://logo.clearbit.com/sezzle.com,https://cdn.brandfetch.io/sezzle.com/w/200/h/200,,#392558,,BNPL
221,Zip,Zip,Zip Co,wallet,bnpl,Australia,Oceania,AUD,zip.co,https://logo.clearbit.com/zip.co,https://cdn.brandfetch.io/zip.co/w/200/h/200,,#1A0826,,BNPL; formerly Quadpay
222,TouchNGo,Touch 'n Go eWallet,Touch 'n Go eWallet,wallet,mobile_payment,Malaysia,Southeast Asia,MYR,tngdigital.com.my,https://logo.clearbit.com/tngdigital.com.my,https://cdn.brandfetch.io/tngdigital.com.my/w/200/h/200,,#00AEF0,,Malaysia's most popular e-wallet
223,Boost,Boost,Boost,wallet,mobile_payment,Malaysia,Southeast Asia,MYR,myboost.com.my,https://logo.clearbit.com/myboost.com.my,https://cdn.brandfetch.io/myboost.com.my/w/200/h/200,,#FF4040,,Axiata subsidiary
224,ShopeePay,ShopeePay,ShopeePay,wallet,mobile_payment,Malaysia,Southeast Asia,MYR,shopee.com.my,https://logo.clearbit.com/shopee.com.my,https://cdn.brandfetch.io/shopee.com.my/w/200/h/200,,#EE4D2D,,Sea Group; tied to Shopee
225,BigPay,BigPay,BigPay,wallet,neobank,Malaysia,Southeast Asia,MYR,bigpayme.com,https://logo.clearbit.com/bigpayme.com,https://cdn.brandfetch.io/bigpayme.com/w/200/h/200,,#EB5757,,AirAsia Group fintech
226,GrabPayMY,GrabPay,GrabPay,wallet,mobile_payment,Malaysia,Southeast Asia,MYR,grab.com,https://logo.clearbit.com/grab.com,https://cdn.brandfetch.io/grab.com/w/200/h/200,,#00B14F,,Grab super-app wallet
227,Setel,Setel,Setel,wallet,mobile_payment,Malaysia,Southeast Asia,MYR,setel.my,https://logo.clearbit.com/setel.my,https://cdn.brandfetch.io/setel.my/w/200/h/200,,#E20000,,PETRONAS fuel & payments app
228,PayNow,PayNow,PayNow,wallet,bank_transfer,Singapore,Southeast Asia,SGD,abs.org.sg,https://logo.clearbit.com/abs.org.sg,https://cdn.brandfetch.io/abs.org.sg/w/200/h/200,,#E70013,,Singapore interbank QR/transfer
229,NETS,NETS,Network for Electronic Transfers,wallet,bank_transfer,Singapore,Southeast Asia,SGD,nets.com.sg,https://logo.clearbit.com/nets.com.sg,https://cdn.brandfetch.io/nets.com.sg/w/200/h/200,,#00529B,,Singapore's national debit network
230,GrabPaySG,GrabPay SG,GrabPay Singapore,wallet,mobile_payment,Singapore,Southeast Asia,SGD,grab.com,https://logo.clearbit.com/grab.com,https://cdn.brandfetch.io/grab.com/w/200/h/200,,#00B14F,,
231,PayLah,DBS PayLah!,DBS PayLah!,wallet,mobile_payment,Singapore,Southeast Asia,SGD,dbs.com,https://logo.clearbit.com/dbs.com,https://cdn.brandfetch.io/dbs.com/w/200/h/200,,#DD0000,,DBS Bank's mobile wallet
232,PayPay,PayPay,PayPay Corporation,wallet,mobile_payment,Japan,East Asia,JPY,paypay.ne.jp,https://logo.clearbit.com/paypay.ne.jp,https://cdn.brandfetch.io/paypay.ne.jp/w/200/h/200,,#FF0033,,Japan's #1 QR payment; 60M users
233,LinePay,LINE Pay,LINE Pay,wallet,mobile_payment,Japan,East Asia,JPY,line.me,https://logo.clearbit.com/line.me,https://cdn.brandfetch.io/line.me/w/200/h/200,,#00B900,,LINE messaging + payments
234,RakutenPay,Rakuten Pay,楽天ペイ,wallet,mobile_payment,Japan,East Asia,JPY,rakuten.co.jp,https://logo.clearbit.com/rakuten.co.jp,https://cdn.brandfetch.io/rakuten.co.jp/w/200/h/200,,#BF0000,,Rakuten ecosystem
235,Merpay,Merpay,メルペイ,wallet,mobile_payment,Japan,East Asia,JPY,merpay.com,https://logo.clearbit.com/merpay.com,https://cdn.brandfetch.io/merpay.com/w/200/h/200,,#009BCE,,Mercari marketplace wallet
236,dPayment,d Payment,dポイント,wallet,mobile_payment,Japan,East Asia,JPY,docomo.ne.jp,https://logo.clearbit.com/docomo.ne.jp,https://cdn.brandfetch.io/docomo.ne.jp/w/200/h/200,,#CC0000,,NTT Docomo mobile payment
237,KakaoPay,Kakao Pay,카카오페이,wallet,mobile_payment,South Korea,East Asia,KRW,kakaopay.com,https://logo.clearbit.com/kakaopay.com,https://cdn.brandfetch.io/kakaopay.com/w/200/h/200,,#FAE100,,Kakao super-app; 38M users
238,NaverPay,Naver Pay,네이버페이,wallet,mobile_payment,South Korea,East Asia,KRW,naver.com,https://logo.clearbit.com/naver.com,https://cdn.brandfetch.io/naver.com/w/200/h/200,,#03C75A,,Naver search + payments
239,Toss,Toss,비바리퍼블리카,wallet,neobank,South Korea,East Asia,KRW,toss.im,https://logo.clearbit.com/toss.im,https://cdn.brandfetch.io/toss.im/w/200/h/200,,#0064FF,,Korea's fintech unicorn
240,SamsungPay,Samsung Pay,Samsung Pay,wallet,mobile_payment,South Korea,East Asia,KRW,samsung.com,https://logo.clearbit.com/samsung.com,https://cdn.brandfetch.io/samsung.com/w/200/h/200,,#1428A0,,NFC + MST payment
241,Paytm,Paytm,One97 Communications,wallet,mobile_payment,India,South Asia,INR,paytm.com,https://logo.clearbit.com/paytm.com,https://cdn.brandfetch.io/paytm.com/w/200/h/200,,#002970,,India's OG fintech; 350M users
242,PhonePe,PhonePe,PhonePe Pvt Ltd,wallet,mobile_payment,India,South Asia,INR,phonepe.com,https://logo.clearbit.com/phonepe.com,https://cdn.brandfetch.io/phonepe.com/w/200/h/200,,#5F259F,,Walmart-owned; India UPI leader
243,GPay,Google Pay India,Google Pay,wallet,mobile_payment,India,South Asia,INR,pay.google.com,https://logo.clearbit.com/pay.google.com,https://cdn.brandfetch.io/pay.google.com/w/200/h/200,,#4285F4,,UPI-based; India's top payment app
244,BHIMUPI,BHIM UPI,BHIM,wallet,bank_transfer,India,South Asia,INR,bhimupi.org.in,https://logo.clearbit.com/bhimupi.org.in,https://cdn.brandfetch.io/bhimupi.org.in/w/200/h/200,,#003DA5,,NPCI's UPI reference app
245,Razorpay,Razorpay,Razorpay Software,wallet,payment_gateway,India,South Asia,INR,razorpay.com,https://logo.clearbit.com/razorpay.com,https://cdn.brandfetch.io/razorpay.com/w/200/h/200,,#2EB5C1,,India's Stripe
246,MobiKwik,MobiKwik,One MobiKwik Systems,wallet,mobile_payment,India,South Asia,INR,mobikwik.com,https://logo.clearbit.com/mobikwik.com,https://cdn.brandfetch.io/mobikwik.com/w/200/h/200,,#28A8E0,,
247,Freecharge,Freecharge,Freecharge,wallet,mobile_payment,India,South Asia,INR,freecharge.in,https://logo.clearbit.com/freecharge.in,https://cdn.brandfetch.io/freecharge.in/w/200/h/200,,#FF6600,,Axis Bank subsidiary
248,AmazonPayIN,Amazon Pay India,Amazon Pay India,wallet,mobile_payment,India,South Asia,INR,amazon.in,https://logo.clearbit.com/amazon.in,https://cdn.brandfetch.io/amazon.in/w/200/h/200,,#FF9900,,
249,GCash,GCash,GCash,wallet,mobile_payment,Philippines,Southeast Asia,PHP,gcash.com,https://logo.clearbit.com/gcash.com,https://cdn.brandfetch.io/gcash.com/w/200/h/200,,#007DFF,,Philippines #1 e-wallet; 81M users
250,Maya,Maya,Maya Philippines,wallet,neobank,Philippines,Southeast Asia,PHP,maya.ph,https://logo.clearbit.com/maya.ph,https://cdn.brandfetch.io/maya.ph/w/200/h/200,,#6DC067,,Digital bank + wallet; formerly PayMaya
251,OVO,OVO,PT Visionet Internasional,wallet,mobile_payment,Indonesia,Southeast Asia,IDR,ovo.id,https://logo.clearbit.com/ovo.id,https://cdn.brandfetch.io/ovo.id/w/200/h/200,,#4C3494,,Grab's Indonesia wallet; 100M+
252,GoPay,GoPay,PT Dompet Anak Bangsa,wallet,mobile_payment,Indonesia,Southeast Asia,IDR,gopay.co.id,https://logo.clearbit.com/gopay.co.id,https://cdn.brandfetch.io/gopay.co.id/w/200/h/200,,#00AED6,,Gojek's payment arm
253,DANA,DANA,PT Espay Debit Indonesia Koe,wallet,mobile_payment,Indonesia,Southeast Asia,IDR,dana.id,https://logo.clearbit.com/dana.id,https://cdn.brandfetch.io/dana.id/w/200/h/200,,#1080D0,,Ant Group-backed; 140M users
254,ShopeePayID,ShopeePay ID,ShopeePay Indonesia,wallet,mobile_payment,Indonesia,Southeast Asia,IDR,shopee.co.id,https://logo.clearbit.com/shopee.co.id,https://cdn.brandfetch.io/shopee.co.id/w/200/h/200,,#EE4D2D,,Sea Group
255,LinkAja,LinkAja,PT Fintek Karya Nusantara,wallet,mobile_payment,Indonesia,Southeast Asia,IDR,linkaja.id,https://logo.clearbit.com/linkaja.id,https://cdn.brandfetch.io/linkaja.id/w/200/h/200,,#E82529,,Telkomsel-backed
256,TrueMoney,TrueMoney,TrueMoney,wallet,mobile_payment,Thailand,Southeast Asia,THB,truemoney.com,https://logo.clearbit.com/truemoney.com,https://cdn.brandfetch.io/truemoney.com/w/200/h/200,,#FF6000,,Charoen Pokphand Group
257,PromptPay,PromptPay,National ITMX,wallet,bank_transfer,Thailand,Southeast Asia,THB,promptpay.io,https://logo.clearbit.com/promptpay.io,https://cdn.brandfetch.io/promptpay.io/w/200/h/200,,#004B87,,Thailand's interbank QR standard
258,VNPay,VNPay,VNPAY,wallet,payment_gateway,Vietnam,Southeast Asia,VND,vnpay.vn,https://logo.clearbit.com/vnpay.vn,https://cdn.brandfetch.io/vnpay.vn/w/200/h/200,,#D81921,,Vietnam's largest payment gateway
259,MoMo,MoMo,MoMo,wallet,mobile_payment,Vietnam,Southeast Asia,VND,momo.vn,https://logo.clearbit.com/momo.vn,https://cdn.brandfetch.io/momo.vn/w/200/h/200,,#A50064,,Vietnam's top e-wallet; 31M users
260,ZaloPay,ZaloPay,VNG Corporation,wallet,mobile_payment,Vietnam,Southeast Asia,VND,zalopay.vn,https://logo.clearbit.com/zalopay.vn,https://cdn.brandfetch.io/zalopay.vn/w/200/h/200,,#006AF5,,Zalo messaging + payments
261,WaveMoney,Wave Money,Wave Money,wallet,mobile_payment,Myanmar,Southeast Asia,MMK,wavemoney.com.mm,https://logo.clearbit.com/wavemoney.com.mm,https://cdn.brandfetch.io/wavemoney.com.mm/w/200/h/200,,#FF6600,,Myanmar's leading mobile wallet
262,WingCambodia,Wing Bank,Wing Bank (Cambodia),wallet,mobile_payment,Cambodia,Southeast Asia,KHR,wingmoney.com,https://logo.clearbit.com/wingmoney.com,https://cdn.brandfetch.io/wingmoney.com/w/200/h/200,,#E30613,,
263,MercadoPago,Mercado Pago,Mercado Pago,wallet,mobile_payment,Argentina,Latin America,USD,mercadopago.com,https://logo.clearbit.com/mercadopago.com,https://cdn.brandfetch.io/mercadopago.com/w/200/h/200,,#009EE3,,MercadoLibre's fintech; 50M+ users
264,PicPay,PicPay,PicPay Serviços,wallet,mobile_payment,Brazil,Latin America,BRL,picpay.com,https://logo.clearbit.com/picpay.com,https://cdn.brandfetch.io/picpay.com/w/200/h/200,,#21C25E,,Brazil's popular P2P app
265,PagSeguro,PagSeguro,PagSeguro Digital,wallet,payment_gateway,Brazil,Latin America,BRL,pagseguro.uol.com.br,https://logo.clearbit.com/pagseguro.uol.com.br,https://cdn.brandfetch.io/pagseguro.uol.com.br/w/200/h/200,,#00B247,,Brazil payments & PoS
266,Pix,Pix,Banco Central do Brasil,wallet,bank_transfer,Brazil,Latin America,BRL,bcb.gov.br,https://logo.clearbit.com/bcb.gov.br,https://cdn.brandfetch.io/bcb.gov.br/w/200/h/200,,#01C4A0,,Brazil's instant payment system
267,RappiPay,Rappi Pay,Rappi,wallet,mobile_payment,Colombia,Latin America,COP,rappi.com,https://logo.clearbit.com/rappi.com,https://cdn.brandfetch.io/rappi.com/w/200/h/200,,#FF441F,,LatAm super-app
268,OXXO,OXXO Pay,OXXO,wallet,cash_payment,Mexico,Latin America,MXN,oxxo.com,https://logo.clearbit.com/oxxo.com,https://cdn.brandfetch.io/oxxo.com/w/200/h/200,,#E8002B,,Mexico's leading cash voucher payment
269,MPesa,M-Pesa,Safaricom M-Pesa,wallet,mobile_money,Kenya,Africa,KES,safaricom.com,https://logo.clearbit.com/safaricom.com,https://cdn.brandfetch.io/safaricom.com/w/200/h/200,,#4CAF50,,Africa's most iconic mobile money; 30M+
270,AirtelMoney,Airtel Money,Airtel Mobile Commerce,wallet,mobile_money,Kenya,Africa,KES,airtel.com,https://logo.clearbit.com/airtel.com,https://cdn.brandfetch.io/airtel.com/w/200/h/200,,#E40000,,Pan-Africa mobile money
271,MTNMoMo,MTN MoMo,MTN Mobile Money,wallet,mobile_money,South Africa,Africa,ZAR,mtn.com,https://logo.clearbit.com/mtn.com,https://cdn.brandfetch.io/mtn.com/w/200/h/200,,#FFD100,,Pan-Africa mobile money; 290M users
272,Flutterwave,Flutterwave,Flutterwave Inc.,wallet,payment_gateway,Nigeria,Africa,NGN,flutterwave.com,https://logo.clearbit.com/flutterwave.com,https://cdn.brandfetch.io/flutterwave.com/w/200/h/200,,#F5A623,,Africa's payment infrastructure unicorn
273,Paystack,Paystack,Paystack Payments,wallet,payment_gateway,Nigeria,Africa,NGN,paystack.com,https://logo.clearbit.com/paystack.com,https://cdn.brandfetch.io/paystack.com/w/200/h/200,,#00C3F7,,Stripe-owned African gateway
274,BPAY,BPAY,BPAY Group,wallet,bank_transfer,Australia,Oceania,AUD,bpay.com.au,https://logo.clearbit.com/bpay.com.au,https://cdn.brandfetch.io/bpay.com.au/w/200/h/200,,#005BAC,,Australia's bill payment network
275,PayID,PayID,NPP Australia,wallet,bank_transfer,Australia,Oceania,AUD,nppa.com.au,https://logo.clearbit.com/nppa.com.au,https://cdn.brandfetch.io/nppa.com.au/w/200/h/200,,#00C3B4,,Australia's instant payments
276,Afterpay,Afterpay,Afterpay,wallet,bnpl,Australia,Oceania,AUD,afterpay.com,https://logo.clearbit.com/afterpay.com,https://cdn.brandfetch.io/afterpay.com/w/200/h/200,,#B2FCE4,,Australia-born BNPL
277,STCPay,STC Pay,Saudi Telecom Company,wallet,mobile_payment,Saudi Arabia,Middle East,SAR,stcpay.com.sa,https://logo.clearbit.com/stcpay.com.sa,https://cdn.brandfetch.io/stcpay.com.sa/w/200/h/200,,#7E0095,,Saudi Arabia's leading e-wallet
278,Fawry,Fawry,Fawry for Banking Technology,wallet,payment_gateway,Egypt,Middle East,EGP,fawry.com,https://logo.clearbit.com/fawry.com,https://cdn.brandfetch.io/fawry.com/w/200/h/200,,#E83E26,,Egypt's #1 payment network
279,PayTabs,PayTabs,PayTabs Group,wallet,payment_gateway,United Arab Emirates,Middle East,AED,paytabs.com,https://logo.clearbit.com/paytabs.com,https://cdn.brandfetch.io/paytabs.com/w/200/h/200,,#0A2F6D,,MENA payment gateway
280,Coinbase,Coinbase,Coinbase Global,wallet,crypto_payment,United States,North America,USD,coinbase.com,https://logo.clearbit.com/coinbase.com,https://cdn.brandfetch.io/coinbase.com/w/200/h/200,https://svgl.app/library/coinbase.svg,#0052FF,,Largest US crypto exchange
281,BinancePay,Binance Pay,Binance,wallet,crypto_payment,Global,Global,USD,binance.com,https://logo.clearbit.com/binance.com,https://cdn.brandfetch.io/binance.com/w/200/h/200,,#F0B90B,,Crypto payment by Binance
282,CryptoCom,Crypto.com Pay,Crypto.com,wallet,crypto_payment,Singapore,Southeast Asia,USD,crypto.com,https://logo.clearbit.com/crypto.com,https://cdn.brandfetch.io/crypto.com/w/200/h/200,,#002D74,,Crypto.com payment layer
283,BitPay,BitPay,BitPay Inc.,wallet,crypto_payment,United States,North America,USD,bitpay.com,https://logo.clearbit.com/bitpay.com,https://cdn.brandfetch.io/bitpay.com/w/200/h/200,,#0D1B2A,,Crypto payment processor
